name,description,price,image_url,status
ورقة لحمة,علبة سلطة - علبة طحينة - كيس عيش (4 رغيف),200,https://lh3.googleusercontent.com/d/1EqpDr5cfCXibfZraSFUuJyKtgD8198sw,available
ورقة كبدة,علبة سلطة - علبة طحينة - كيس عيش (4 رغيف),200,https://lh3.googleusercontent.com/d/1EqpDr5cfCXibfZraSFUuJyKtgD8198sw,unavailable
ورقة سجق,علبة سلطة - علبة طحينة - كيس عيش (4 رغيف),200,https://lh3.googleusercontent.com/d/1PvbAlWDxE_KQBZAfS24SL1fj9W5qjiPu,available
موزة ضاني بالأرز,,400,,available
فرخه شواية (بالخلطة السرية),علبة سلطة - علبة طحينة - كيس عيش (4 رغيف),320,https://lh3.googleusercontent.com/d/1MBiWi-p7a4aeQ0rIoKsXwk9Lo2tGpQ0j,unavailable
فرخة شيش,,330,https://lh3.googleusercontent.com/d/1qeccDbxrwashHmRNHMjd7OlbRm4-Mg_I,unavailable
فرخة جامبو,علبة سلطة - علبة طحينة - كيس عيش (4 رغيف),380,https://lh3.googleusercontent.com/d/1b4eyGIoQTlsjvyE0Y5ohJ2vEjjvZZX2g,available
فرخة تكا,علبة سلطة - علبة طحينة - كيس عيش (4 رغيف),330,https://lh3.googleusercontent.com/d/1vynGbo2zF2lMkXdKBXUMI5Dr3xB9wlEm,available
حواوشي كاندوز,,70,,available
حواوشي ضاني,,80,,available
حواوشي جريل مخصوص,,40,,available
حمام مشوي,علبة سلطة - علبة طحينة - كيس عيش (4 رغيف),160,,available
ديك رومي مشوي,علبة سلطة - علبة طحينة - كيس عيش (4 رغيف),250,,available
نصف فرخة شيش,بدون سلطات,160,,available
بطة مشوي,علبة سلطة - علبة طحينة - كيس عيش (4 رغيف),500,https://lh3.googleusercontent.com/d/1gTY5xwkdC97uWEhqJtZPLoOiZfUv-v4M,available
نيفا,,800,,available
ميكس مشويات,,800,https://lh3.googleusercontent.com/d/1_g22pcqYECCjyMaoNg9BEgZGaS16RAyl,available
مشكل حلويات,,460,,available
لحم نعام,علبة سلطة - علبة طحينة - كيس عيش (4 رغيف),800,,available
كفتة كاندوز,,500,https://lh3.googleusercontent.com/d/1EPoEIc-G1dQU7fZO6W4BZCnt3Ndg0b8W,available
كفتة ضاني,,600,,available
كباب ضاني,,1000,https://lh3.googleusercontent.com/d/1cX8Qu9eknxZM-zTESGu4q4nNRjPO8CYN,available
كباب أستيك,,800,,available
فيلية مشوي,,430,,available
طرب,,800,https://lh3.googleusercontent.com/d/10Z2cUk7DiGwRZ0JE7VQfwtEqIxUY0Ap1,available
شيش طاووق,,500,https://lh3.googleusercontent.com/d/1qeccDbxrwashHmRNHMjd7OlbRm4-Mg_I,available
سجق مشوي,,480,https://lh3.googleusercontent.com/d/1PvbAlWDxE_KQBZAfS24SL1fj9W5qjiPu,available
ريش ضاني,,1000,,available
ممبار,,0,,available
التوفير,ربع سجق - ربع فرخة - ربع كفتة - ربع كباب أستيك - ربع ممبار - ربع ورق عنب - أرز بسمتي,840,,available
المافيا,ربع سجق - ربع فرخة - ربع كفتة - ربع كباب أستيك - ربع ممبار - ربع ورق عنب - أرز بسمتي,1010,,available
الضهبة,ربع نيفا - ربع كفتة - ربع سجق مشوي - ربع طرب - نصف فرخة شيش - ربع ورق عنب - أرز بسمتي,1005,,available
الملكية,ربع كفتة - ربع نيفا - ربع طرب - ربع سجق مشوي - ربع كباب ضاني - ربع ريش ضاني - أرز بسمتي,1245,,available
العتاولة,فرخة مشوية - فردين حمام - ربع كفتة - ربع كباب - ربع نيفا - ربع ريش - ربع سجق - ربع طرب - ربع ممبار - ربع ورق عنب - أرز بسمتي,1950,,available
الملوك,نصف بطة - نصف كفتة - نصف سجق - ربع طرب - ربع ممبار - أرز بسمتي - عيش - سلطات,1225,,available
الذهبية,نصف فرخة - ربع كفتة - ربع نيفا - ربع طرب - نصف محشي - أرز بسمتي - عيش - سلطات,865,,available
الشبح,فرخة ونصف مشوية - نصف كفتة - نصف نيفا - نصف طرب - كيلو محشي - أرز بسمتي - عيش وسلطات,1625,,available
الكنز,تلات فرد حمام - ربع كفتة - ربع نيفا - ربع ورق عنب - نصف فرخة شيش - أرز بسمتي,1145,,available
ابو خاطر,فرخة ونصف - نصف كفتة - نصف نيفا - نصف طرب - ربع كباب - ربع ريش - نصف ممبار - نصف محاشي - أرز بسمتي - عيش وسلطات,2215,,available
2026 العام الجديد,ربع كفتة - ربع سجق - ربع شيش ع فحم - ربع فييلية ع فحم - نصف محاشي - نصف ممبار - 2 حواوشي كاندوز - أرز بالشعرية - أرز بسمتي - بطاطس - سلطات,1014,,available
عنترة,موزة ضاني - نصف فرخة شيش - ربع كفتة - ربع سجق - ربع طرب - ربع لحم نعام - ربع لحم أستيك ع فحم - ربع نيفا - أرز بسمتي - عيش وسلطات,1750,,available
نصف فرخة,أرز - خضار - سلطات,235,,available
ربع فرخة,أرز - خضار - سلطات,160,,available
السلطان,أرز - حمام - ورق عنب - بطاطس - سلطات,240,https://lh3.googleusercontent.com/d/1EqpDr5cfCXibfZraSFUuJyKtgD8198sw,available
عنترة,موزة ضاني - نصف فرخة شيش - ربع كفتة - ربع سجق - ربع طرب - ربع لحم نعام - ربع لحم أستيك ع فحم - ربع نيفا - أرز بسمتي - عيش وسلطات,1750,,available
نصف فرخة,أرز - خضار - سلطات,235,,available
ربع فرخة,أرز - خضار - سلطات,160,,available
الاسطورة,أرز - خضار بالحمة - سلطات,225,,available
ربع فرخة,أرز - خضار - سلطات,160,,available
السلطان,أرز - حمام - ورق عنب - بطاطس - سلطات,240,https://lh3.googleusercontent.com/d/1EqpDr5cfCXibfZraSFUuJyKtgD8198sw,available
الشرقي,أرز - كبدة جريل - سجق شرقي - تومية - بطاطس,105,,available
التوفير,أرز - نصف فرخة سلطة - سلطات,210,,available
المشوي,أرز - ربع فرخه شيش - ثمن كفتة - سلطات,205,,available
كرسبي,أرز - 3قطع كرسبي - بطاطس - كانز,135,,available
استربس,أرز - 3قطع أستربس - بطاطس - كانز,135,,available
ميكس جريل,أرز - كفتة - شيش طاووق - شيكن جريل - بطاطس - بيبسي,155,,available
شيش طاووق,أرز - شيش طاووق - بطاطس,145,,available
بانية,أرز - 2قطع بانية - بطاطس - بيبسي,145,,available
شاورما عربي مافيا,سندوتش فراخ - سندوتش لحم - بطاطس - بيبسي,150,,available
شاورما عربي فراخ,7قطع شاورما - بطاطس - ثومية - بيبسي,120,,available
شاورما عربي لحمة,7قطع شاورما - بطاطس - ثومية - بيبسي,135,,available
ريزو,أرز - قطع أستربس - ثومية - بطاطس - بيبسي,145,,available
ميكسكان فراخ,أرز - صدور جريل - ثوامية - بطاطس - بيبسي,125,,available
ميكسكان لحوم,أرز - سوسيس - ثوامية - بطاطس - بيبسي,125,,available
الحريفة,ساندوتش بانية - ساندوتش سوسيس - بطاطس,100,,available
قطعتين بروست,عيش - بطاطس - كاتشب,85,,available
قطعتين بروست,رز - بطاطس - ثومية - كانز,135,,available
ثلاثة قطع بروست,عيش - بطاطس - كاتشب,125,,available
عشر قطع بروست,عيش - بطاطس - كاتشب,400,,available
أرز بسمتي سادة,أرز,40,,available
أرز شعرية سادة,أرز,30,,available
بالكبدة,أرز,45,,available
بالسجق,أرز,45,,available
كبدة وسجق,أرز,55,,available
كبدة وقوانص,أرز,45,,available
كبدة جريل,أرز,55,,available
شاورما لحمة,أرز,70,,available
شاورما فراخ,أرز,65,,available
بالشيش,أرز,70,,available
خضار بسلة,طاجن,35,,available
خضار بطاطس,طاجن,35,,available
خضار كوسة,طاجن,35,,available
خضار سبانح,طاجن,35,,available
خضار فاصوليا,طاجن,35,,available
خضار بامية,طاجن,35,,available
خضار بالحمة,طاجن,200,,available
لحمة بصل,طاجن,220,,available
طاجن عكاوي,طاجن,220,,available
ورق عنب بالريش,طاجن,200,,available
لحم نعام,طاجن,250,,available
ملوخية بالطشة,طاجن,40,,available
شاورما لحمة,طاجن,130,,available
شاورما فراخ,طاجن,120,,available
لسان عصفور,طاجن,20,,available
عدس,طاجن,40,,available
ممبار,محشي,250,,unavailable
ورق عنب,محشي,120,,available
كرنب,محشي,100,,available
فلفل,محشي,100,,available
باذنجان,محشي,100,,available
مشكل,محشي,100,,available
لحمة,مكرونة,35,,available
فراخ,مكرونة,50,,available
كبدة,مكرونة,50,,available
سجق,مكرونة,50,,available
كبدة وسجق,مكرونة,55,,available
كبدة وقوانص,مكرونة,50,,available
كبدة جريل,مكرونة,55,,available
بالشيش,مكرونة,70,,available
بالشاورما,مكرونة,60,,available
شيش طاووق,فراخ,80,,available
شاورما فراخ,فراخ,85,,available
فاهيتا فراخ,فراخ,75,,available
ميكس فراخ,فراخ,90,,available
استربس,فراخ,65,,available
بانية,فراخ,70,,available
كرسبي,فراخ,55,,available
كفتة بلدي,لحوم,85,,available
كبدة,لحوم,50,,available
سجق,لحوم,50,,available
كفتة,لحوم,50,,available
ميكس لحوم,لحوم,100,,available
شاورما لحمة,لحوم,90,,available
هوت دوج,لحوم,45,,available
برجر,لحوم,60,,available
نوتيلا,حلو,30,,available
نوتيلا صوص,حلو,30,,available
وافل شكولاتة,حلو,30,,available
وافل مخصوص,حلو,50,,available
تورتة وافل,حلو,100,,available
ميكس جبن,اخر,45,,available
بسطرمة,اخر,70,,available
بطاطس,اخر,40,,available
صاروخ أبو خاطر,اخر,100,,available
شاورما لحمة,كيزر,60,,available
شاورما فراخ,كيزر,50,,available
برجر سادة,كيزر,30,,available
برجر بالبيض,كيزر,45,,available
برجر بالجبنة,كيزر,45,,available
بالبيض والجبنة,كيزر,50,,available
شاورما لحمة,فينو وسط,70,,available
شاورما فراخ,فينو وسط,60,,available
شاورما لحمة,فينو كبير,80,,available
شاورما فراخ,فينو كبير,70,,available
شاورما لحمة,فينو كبير,80,,available
سوسيس,فينو وسط,35,,available
هوت دوج,فينو وسط,35,,available
شيش طاووق,فينو وسط,60,,available
فاهيتا فراخ,فينو وسط,50,,available
فراخ بانية,فينو وسط,50,,available
كبدة جريل,فينو وسط,35,,available
كبدة اسكندراني,فينو وسط,25,,available
كبد وقوانص,فينو وسط,25,,available
سجق اسكندراني,فينو وسط,25,,available
كفتة جريل,فينو وسط,35,,available
كرسبي,فينو وسط,35,,available
استربس,فينو وسط,40,,available
كفتة,مخبوز ابو خاطر,50,,available
طرب,مخبوز ابو خاطر,65,,available
سجق,مخبوز ابو خاطر,55,,available
شاورما لحم,مخبوز ابو خاطر,60,,available
شاورما فراخ,مخبوز ابو خاطر,60,,available
فيلية مشوي,مخبوز ابو خاطر,50,,available
شيش طاووق فحم,مخبوز ابو خاطر,50,,available
شاورما لحمة,عيش سوري,90,,available
شاورما فراخ,عيش سوري,80,,available
برجر سادة,عيش سوري,50,,available
هوت دوج,عيش سوري,40,,available
شيش طاووق,عيش سوري,70,,available
فاهيتا فراخ,عيش سوري,60,,available
فراخ بانية,عيش سوري,55,,available
كبدة جريل,عيش سوري,50,,available
سلطة تومية,إضافة,15,,available
سلطة تومية,إضافة,20,,available
سلطة كلوسلو,إضافة,15,,unavailable
سلطة كلوسلو,إضافة,20,,unavailable
سلطة طماطم,إضافة,10,,unavailable
سلطة طحينة,إضافة,10,,available
كيس عيش,إضافة,5,,available
جبنة موتزريلا,إضافة,20,,available
باكيت صوابع,إضافة,15,,available
بكايت شيبسي,إضافة,10,,available
سلطات مشويات,إضافة,20,,available
علبة بابا غانوج,إضافة,15,,available
علبة بابا غانوج,إضافة,40,,available
علبة بتينجان,إضافة,10,,available