id,name,description,price,image_url,status
4bbf8446-9df9-4375-bd69-cf41a228620e,ورقة لحمة,علبة سلطة - علبة طحينة - كيس عيش (4 رغيف),200,https://lh3.googleusercontent.com/d/1EqpDr5cfCXibfZraSFUuJyKtgD8198sw,available
514211e4-9e4b-49d9-aab1-1b8e32c65369,ورقة كبدة,علبة سلطة - علبة طحينة - كيس عيش (4 رغيف),200,https://lh3.googleusercontent.com/d/1EqpDr5cfCXibfZraSFUuJyKtgD8198sw,unavailable
a3d7643c-46dc-44db-b645-90412e80d677,ورقة سجق,علبة سلطة - علبة طحينة - كيس عيش (4 رغيف),200,https://lh3.googleusercontent.com/d/1PvbAlWDxE_KQBZAfS24SL1fj9W5qjiPu,available
0200582f-f97d-4ed1-96eb-780bcf44dc64,موزة ضاني بالأرز,,400,,available
4817c65d-4a44-497e-8acb-4c786b559f22,فرخه شواية (بالخلطة السرية),علبة سلطة - علبة طحينة - كيس عيش (4 رغيف),320,https://lh3.googleusercontent.com/d/1MBiWi-p7a4aeQ0rIoKsXwk9Lo2tGpQ0j,unavailable
0cff5e25-8c06-45af-8393-c0334e3c930c,فرخة شيش,,330,https://lh3.googleusercontent.com/d/1qeccDbxrwashHmRNHMjd7OlbRm4-Mg_I,unavailable
0a9dc583-3f6c-4591-b899-87ebc95d37f5,فرخة جامبو,علبة سلطة - علبة طحينة - كيس عيش (4 رغيف),380,https://lh3.googleusercontent.com/d/1b4eyGIoQTlsjvyE0Y5ohJ2vEjjvZZX2g,available
86445e60-6520-427e-8bb5-32a6641397c8,فرخة تكا,علبة سلطة - علبة طحينة - كيس عيش (4 رغيف),330,https://lh3.googleusercontent.com/d/1vynGbo2zF2lMkXdKBXUMI5Dr3xB9wlEm,available
4229dd1f-2216-4d18-9588-190e753f73b6,حواوشي كاندوز,,70,,available
e9756ecc-601e-4a17-85e0-d2a14f455cde,حواوشي ضاني,,80,,available
41e73f11-29bf-4dad-973f-7e5a3d24e1b2,حواوشي جريل مخصوص,,40,,available
8f201fd7-11db-43fe-8ea7-4dc9bbafc6b9,حمام مشوي,علبة سلطة - علبة طحينة - كيس عيش (4 رغيف),160,,available
79b394ac-0911-4c45-82f1-d6cd4dc108f8,ديك رومي مشوي,علبة سلطة - علبة طحينة - كيس عيش (4 رغيف),250,,available
8a4e9d27-b933-4bc4-9fbe-b8cd667aeed2,نصف فرخة شيش,بدون سلطات,160,,available
fd4888ee-09ef-4f82-9304-ae0e31b7d7d0,بطة مشوي,علبة سلطة - علبة طحينة - كيس عيش (4 رغيف),500,https://lh3.googleusercontent.com/d/1gTY5xwkdC97uWEhqJtZPLoOiZfUv-v4M,available
c11d9ee3-6f1a-4cff-b136-a486daf6990c,نيفا,,800,,available
1e001511-3d8f-493c-be21-e4eb0d2bd8a0,ميكس مشويات,,800,https://lh3.googleusercontent.com/d/1_g22pcqYECCjyMaoNg9BEgZGaS16RAyl,available
b77ad94e-c923-49e8-a56b-8410453dc3f0,مشكل حلويات,,460,,available
c989cc7d-be4d-4427-911e-01f78dffc58e,لحم نعام,علبة سلطة - علبة طحينة - كيس عيش (4 رغيف),800,,available
26ae3379-f146-4435-b15d-e81ed8979fb2,كفتة كاندوز,,500,https://lh3.googleusercontent.com/d/1EPoEIc-G1dQU7fZO6W4BZCnt3Ndg0b8W,available
ec671de9-b11e-48b1-8b74-214453613d27,كفتة ضاني,,600,,available
cf3a03e1-9a50-4c39-810d-5ec9959a7db1,كباب ضاني,,1000,https://lh3.googleusercontent.com/d/1cX8Qu9eknxZM-zTESGu4q4nNRjPO8CYN,available
3269b61f-1154-4cb1-a760-4470b204d1e9,كباب أستيك,,800,,available
ebd6e409-7e40-4600-9722-a55ebd6cd5c1,فيلية مشوي,,430,,available
1e46d358-2e62-49b1-bbae-011f7a8125ab,طرب,,800,https://lh3.googleusercontent.com/d/10Z2cUk7DiGwRZ0JE7VQfwtEqIxUY0Ap1,available
39ad45c2-6631-4170-adad-982b9b2bd0f9,شيش طاووق,,500,https://lh3.googleusercontent.com/d/1qeccDbxrwashHmRNHMjd7OlbRm4-Mg_I,available
0d35c2e1-6258-4d31-9dab-c4646bc6f57b,سجق مشوي,,480,https://lh3.googleusercontent.com/d/1PvbAlWDxE_KQBZAfS24SL1fj9W5qjiPu,available
2059d630-6255-4faa-8dd2-ead37e32f7f3,ريش ضاني,,1000,,available
b5f4db35-be4e-403d-a56e-5efb31bac8ab,ممبار,,0,,available
194276ac-9273-41ac-884f-0d43945e59fa,التوفير,ربع سجق - ربع فرخة - ربع كفتة - ربع كباب أستيك - ربع ممبار - ربع ورق عنب - أرز بسمتي,840,,available
004ad3ee-5245-482b-9e18-58467399e84e,المافيا,ربع سجق - ربع فرخة - ربع كفتة - ربع كباب أستيك - ربع ممبار - ربع ورق عنب - أرز بسمتي,1010,,available
dc9c6636-2c3e-4cbc-8333-cd68ac1a4190,الضهبة,ربع نيفا - ربع كفتة - ربع سجق مشوي - ربع طرب - نصف فرخة شيش - ربع ورق عنب - أرز بسمتي,1005,,available
cea0a4ed-230c-4887-bedb-f9adbe2eeef6,الملكية,ربع كفتة - ربع نيفا - ربع طرب - ربع سجق مشوي - ربع كباب ضاني - ربع ريش ضاني - أرز بسمتي,1245,,available
16a542c1-d214-474c-8b14-21a573ce9051,العتاولة,فرخة مشوية - فردين حمام - ربع كفتة - ربع كباب - ربع نيفا - ربع ريش - ربع سجق - ربع طرب - ربع ممبار - ربع ورق عنب - أرز بسمتي,1950,,available
c6582b56-a8a6-4f98-9c48-1c8cb150409e,الملوك,نصف بطة - نصف كفتة - نصف سجق - ربع طرب - ربع ممبار - أرز بسمتي - عيش - سلطات,1225,,available
523f6ce1-8a3a-4134-8a11-5178c6b35aee,الذهبية,نصف فرخة - ربع كفتة - ربع نيفا - ربع طرب - نصف محشي - أرز بسمتي - عيش - سلطات,865,,available
df794fd0-237e-4d57-a8c3-942411011909,الشبح,فرخة ونصف مشوية - نصف كفتة - نصف نيفا - نصف طرب - كيلو محشي - أرز بسمتي - عيش وسلطات,1625,,available
27645857-32aa-430c-82a2-70d9852a4804,الكنز,تلات فرد حمام - ربع كفتة - ربع نيفا - ربع ورق عنب - نصف فرخة شيش - أرز بسمتي,1145,,available
8ef6a8d5-4ddc-4d68-b615-23510c7f9ea9,ابو خاطر,فرخة ونصف - نصف كفتة - نصف نيفا - نصف طرب - ربع كباب - ربع ريش - نصف ممبار - نصف محاشي - أرز بسمتي - عيش وسلطات,2215,,available
2c3d5f08-5554-4365-92a0-66686e9ea8d5,2026 العام الجديد,ربع كفتة - ربع سجق - ربع شيش ع فحم - ربع فييلية ع فحم - نصف محاشي - نصف ممبار - 2 حواوشي كاندوز - أرز بالشعرية - أرز بسمتي - بطاطس - سلطات,1014,,available
1b88d67e-4444-4eda-ae61-6b89f7ac7410,عنترة,موزة ضاني - نصف فرخة شيش - ربع كفتة - ربع سجق - ربع طرب - ربع لحم نعام - ربع لحم أستيك ع فحم - ربع نيفا - أرز بسمتي - عيش وسلطات,1750,,available
ac1149eb-61e2-4b54-bd23-69b37d2f1192,نصف فرخة,أرز - خضار - سلطات,235,,available
ff018b97-97e1-494e-b23a-ccb1a3fb6ec8,ربع فرخة,أرز - خضار - سلطات,160,,available
30d16d9a-89c3-4084-9000-3d0620cc631e,السلطان,أرز - حمام - ورق عنب - بطاطس - سلطات,240,https://lh3.googleusercontent.com/d/1EqpDr5cfCXibfZraSFUuJyKtgD8198sw,available
e3faa1bb-808c-4172-a8a1-c5de8e9dea4b,عنترة,موزة ضاني - نصف فرخة شيش - ربع كفتة - ربع سجق - ربع طرب - ربع لحم نعام - ربع لحم أستيك ع فحم - ربع نيفا - أرز بسمتي - عيش وسلطات,1750,,available
704bf220-a95c-45b5-aa37-02b080dc7ad6,نصف فرخة,أرز - خضار - سلطات,235,,available
4af68010-4efd-41e6-b556-72e0d7459432,ربع فرخة,أرز - خضار - سلطات,160,,available
16effc65-1d0e-4f42-add3-6c29758d0b73,الاسطورة,أرز - خضار بالحمة - سلطات,225,,available
a9e28813-b910-47bc-9f93-37548c4e0e46,ربع فرخة,أرز - خضار - سلطات,160,,available
0f94193d-5bdf-47bf-86f9-5bcac2d658b3,السلطان,أرز - حمام - ورق عنب - بطاطس - سلطات,240,https://lh3.googleusercontent.com/d/1EqpDr5cfCXibfZraSFUuJyKtgD8198sw,available
7d4a3564-b10d-4bae-a168-a6901b152589,الشرقي,أرز - كبدة جريل - سجق شرقي - تومية - بطاطس,105,,available
515b44f7-f91d-45ca-8bb6-4a4e6f6b1b63,التوفير,أرز - نصف فرخة سلطة - سلطات,210,,available
a6185529-06a1-42ed-89a0-ad594e5ef4ec,المشوي,أرز - ربع فرخه شيش - ثمن كفتة - سلطات,205,,available
46c712ee-5afd-48f4-9711-7ea4d00b4354,كرسبي,أرز - 3قطع كرسبي - بطاطس - كانز,135,,available
20e4dc0c-0f2d-4285-97ae-512f30644015,استربس,أرز - 3قطع أستربس - بطاطس - كانز,135,,available
9e0c68ef-859d-4831-85ca-5adba734b64c,ميكس جريل,أرز - كفتة - شيش طاووق - شيكن جريل - بطاطس - بيبسي,155,,available
a65ecb4e-67b0-4396-9120-8ecc7b9c526d,شيش طاووق,أرز - شيش طاووق - بطاطس,145,,available
bc4789b0-ef32-4fbb-8a42-64a7f4e0bf4e,بانية,أرز - 2قطع بانية - بطاطس - بيبسي,145,,available
ced2c65a-98ed-4930-8fd4-f39439b28d3a,شاورما عربي مافيا,سندوتش فراخ - سندوتش لحم - بطاطس - بيبسي,150,,available
06d92834-5f83-48d6-b76d-74074810c2c9,شاورما عربي فراخ,7قطع شاورما - بطاطس - ثومية - بيبسي,120,,available
0cec9e3a-c877-47e0-8df7-6024add96e9b,شاورما عربي لحمة,7قطع شاورما - بطاطس - ثومية - بيبسي,135,,available
8f8ca833-3180-4faf-ae73-3f203398a410,ريزو,أرز - قطع أستربس - ثومية - بطاطس - بيبسي,145,,available
1836d4ab-840a-452b-b80e-3f5e3b625f5d,ميكسكان فراخ,أرز - صدور جريل - ثوامية - بطاطس - بيبسي,125,,available
df5cafc9-6f3d-4fd4-9509-657bffb56abf,ميكسكان لحوم,أرز - سوسيس - ثوامية - بطاطس - بيبسي,125,,available
978972f6-51cd-48bf-b000-8ffa17fd2721,الحريفة,ساندوتش بانية - ساندوتش سوسيس - بطاطس,100,,available
f97e75e4-bad4-4f83-9ac4-d97725e3b20e,قطعتين بروست,عيش - بطاطس - كاتشب,85,,available
3d2e9ab9-a57b-48f4-8393-bfab90e1373e,قطعتين بروست,رز - بطاطس - ثومية - كانز,135,,available
213c4640-dc13-4849-8dd1-a6aebee62c56,ثلاثة قطع بروست,عيش - بطاطس - كاتشب,125,,available
88dabe4f-8893-4b2d-be86-c140c989592a,عشر قطع بروست,عيش - بطاطس - كاتشب,400,,available
f4502c53-57ec-43a4-a369-c7fcf2827bb9,أرز بسمتي سادة,أرز,40,,available
2f429dd3-f67d-49a6-8fa1-43f985104a3e,أرز شعرية سادة,أرز,30,,available
6b471ddb-51fc-4c13-b40f-25da255f8b96,بالكبدة,أرز,45,,available
9f9933ed-3a38-4f06-8b81-6b4982039c31,بالسجق,أرز,45,,available
c62f8f32-2d45-4359-bce6-50349f48e462,كبدة وسجق,أرز,55,,available
fc1d122d-6588-40b6-8bc4-f92d2aa1fdda,كبدة وقوانص,أرز,45,,available
71fe6f0a-ce80-48a7-8387-481a2196367b,كبدة جريل,أرز,55,,available
058cf3a3-d65a-4bec-9884-83e9227537c0,شاورما لحمة,أرز,70,,available
68f8c31c-214c-43d2-84d5-94fc85a8c31e,شاورما فراخ,أرز,65,,available
c03856ff-8ccc-4cc9-8309-5578f3660faa,بالشيش,أرز,70,,available
db8d3f01-a382-4bfd-beaf-816f6ebe6556,خضار بسلة,طاجن,35,,available
b722bab6-ba79-43e4-bed5-c215d9988d92,خضار بطاطس,طاجن,35,,available
46c94670-e596-420c-bb78-cd2c0d43c5f0,خضار كوسة,طاجن,35,,available
599d6880-b268-43d5-ada7-85866f297c8c,خضار سبانح,طاجن,35,,available
c15893fa-e4bf-4ba5-8c14-9b05211f2fed,خضار فاصوليا,طاجن,35,,available
a835d3cd-28be-4556-889a-05214e1d39e3,خضار بامية,طاجن,35,,available
efb94c8f-e574-4489-b60d-00cfbdffa6d0,خضار بالحمة,طاجن,200,,available
34afa708-d8ea-4077-944e-bf6926165113,لحمة بصل,طاجن,220,,available
d46b759c-d7ef-45d3-ba2a-5d77344ead40,طاجن عكاوي,طاجن,220,,available
5d3c3822-4f1c-4f92-9b89-fd334f42298c,ورق عنب بالريش,طاجن,200,,available
72b2782b-e0df-4a9d-8084-268cd5e6f929,لحم نعام,طاجن,250,,available
f2f39789-74f5-4f03-81c9-da189321d850,ملوخية بالطشة,طاجن,40,,available
a1eea094-e3c9-4201-9c5a-d55a1c8b02fd,شاورما لحمة,طاجن,130,,available
6f89cca1-adb2-4fed-9c83-1383bc8e01c4,شاورما فراخ,طاجن,120,,available
fbe5dd5a-4e4f-48e3-9c1e-424ed2fbd1a2,لسان عصفور,طاجن,20,,available
3f0d407d-fb0f-4e38-aea5-8d84fd9c593a,عدس,طاجن,40,,available
19ef9b57-e388-4be6-a56f-2fb49af765b1,ممبار,محشي,250,,unavailable
c14abe07-94ec-447b-83cd-42173e667181,ورق عنب,محشي,120,,available
5e8320be-1764-4e82-8d12-58b4979df4c8,كرنب,محشي,100,,available
2bcf3cbe-6a16-4abc-b85c-6249e95061e6,فلفل,محشي,100,,available
329da6e3-54ee-429e-b9fd-99faafd0b562,باذنجان,محشي,100,,available
c017c2f8-03a9-4bbb-8ce4-a175a9f07dcf,مشكل,محشي,100,,available
298068f4-5f08-4541-b528-8085da37d61f,لحمة,مكرونة,35,,available
5a01cf1d-2718-4dde-add2-b541aafeaefa,فراخ,مكرونة,50,,available
ddf64fd7-8617-40ce-a798-a0f4dc8611c7,كبدة,مكرونة,50,,available
664dd459-a926-4d98-9337-faa27c42698c,سجق,مكرونة,50,,available
97500fa9-d314-4270-991b-617de0794c70,كبدة وسجق,مكرونة,55,,available
73d4d9b7-187c-4f22-b9b1-43cbdd2fa7c8,كبدة وقوانص,مكرونة,50,,available
1871e079-ba61-41c9-a4d6-5597acf8f73d,كبدة جريل,مكرونة,55,,available
2293407c-bbc3-41e3-aaf0-d20f39e3dd0e,بالشيش,مكرونة,70,,available
026a4a73-27ad-4a43-8b66-a3fdbc374b0b,بالشاورما,مكرونة,60,,available
e7020e72-0d03-4ece-84c6-2b68cb207281,شيش طاووق,فراخ,80,,available
9f136298-a989-44dc-bad2-ab0ee344f710,شاورما فراخ,فراخ,85,,available
e3dbff16-2c48-416f-bae1-7c352200f5b4,فاهيتا فراخ,فراخ,75,,available
c7427063-e76d-4aee-bda7-6615f72e15ab,ميكس فراخ,فراخ,90,,available
cecc246d-5d27-44d3-b0c5-b6d333c0c2fa,استربس,فراخ,65,,available
877adde1-a9dd-4254-b55a-80979d72e780,بانية,فراخ,70,,available
f9503d52-532d-412e-bbb7-b489d9fe7f51,كرسبي,فراخ,55,,available
88d34251-0764-4588-9c90-c84730043aab,كفتة بلدي,لحوم,85,,available
db752e47-0bbc-400a-91f3-2404ecee0bb2,كبدة,لحوم,50,,available
fab51941-a474-44bb-bb4b-d57d4ff59e54,سجق,لحوم,50,,available
6a52aeb9-75f2-4de1-a59f-df526415a4a4,كفتة,لحوم,50,,available
3f449dc0-c88b-47fb-9380-a1f5f6667246,ميكس لحوم,لحوم,100,,available
31d491d5-0162-4e27-b664-389cf436c86e,شاورما لحمة,لحوم,90,,available
f90f1d5a-13c4-4c00-9ce8-98bedc5a7217,هوت دوج,لحوم,45,,available
1c3d7f77-eaef-4b7f-b581-fbbe42276d69,برجر,لحوم,60,,available
6b534f57-4965-4072-b5e9-4715c15fa67a,نوتيلا,حلو,30,,available
fe55b642-5598-4284-a4eb-73cdc57fd91d,نوتيلا صوص,حلو,30,,available
f9062e5f-4988-4ebc-823b-3256d3721451,وافل شكولاتة,حلو,30,,available
023a0e10-788a-464f-8441-20ccf7acb96f,وافل مخصوص,حلو,50,,available
c0fb98b7-65a4-49fc-9bc1-40344bfba157,تورتة وافل,حلو,100,,available
e3e890c5-6f1d-472b-bda6-9ea70e02f58b,ميكس جبن,اخر,45,,available
4e8b7f88-dc5c-41f1-8378-dbe46331cfbe,بسطرمة,اخر,70,,available
20270c2c-cadf-4627-9399-eec0330b01a0,بطاطس,اخر,40,,available
8afe717c-6032-4e68-af6f-b8ab7ee486e5,صاروخ أبو خاطر,اخر,100,,available
894a63f7-d4ab-4b29-9e8e-8869751d1aa0,شاورما لحمة,كيزر,60,,available
1e05ef71-6b4c-444b-ad0c-c543e8056d2e,شاورما فراخ,كيزر,50,,available
3b80df0c-4f6e-431b-918d-de2badc823ee,برجر سادة,كيزر,30,,available
80f78180-6234-4760-abeb-72ddd07587eb,برجر بالبيض,كيزر,45,,available
1914ec4b-7937-40e5-b04a-1642d8d400b7,برجر بالجبنة,كيزر,45,,available
83fc8eb8-8bc7-4add-b7f3-3a32968dbe64,بالبيض والجبنة,كيزر,50,,available
e8ddfb36-3ae2-497a-86c8-69d1d62b2e30,شاورما لحمة,فينو وسط,70,,available
ecb9582d-15ae-42da-8c90-6d674ee27afb,شاورما فراخ,فينو وسط,60,,available
3ac05935-e617-4b25-b96d-b39821ccf657,شاورما لحمة,فينو كبير,80,,available
b08d777a-9048-4cc8-b5e9-d92af5d5ca9c,شاورما فراخ,فينو كبير,70,,available
503d2a8e-5a08-4649-a124-a2c5fb3ed5eb,شاورما لحمة,فينو كبير,80,,available
433e83de-d278-4f0a-a142-1dbad23a4183,سوسيس,فينو وسط,35,,available
42825280-841b-4ded-ad8b-1f502454ba6b,هوت دوج,فينو وسط,35,,available
f845f3d0-210f-4242-9ad3-5b23df2c6994,شيش طاووق,فينو وسط,60,,available
6c754921-7624-430d-ba96-f19925a373c4,فاهيتا فراخ,فينو وسط,50,,available
1f582df1-421a-4682-b781-eb388fe8843c,فراخ بانية,فينو وسط,50,,available
5b123d15-6f30-4d76-8a57-fab68acf7881,كبدة جريل,فينو وسط,35,,available
e1df1ce1-a923-4ca8-96aa-5d873d8966ab,كبدة اسكندراني,فينو وسط,25,,available
de08a3b1-5e66-4449-8250-ca234600c99f,كبد وقوانص,فينو وسط,25,,available
1342b5c1-6a19-411d-9d40-ad5f24abc83f,سجق اسكندراني,فينو وسط,25,,available
93c1d3a3-4528-44a1-ab0a-4de600a76bd2,كفتة جريل,فينو وسط,35,,available
52b1552c-dad7-4e79-95a5-a7e78be823b0,كرسبي,فينو وسط,35,,available
57a7aba3-a93e-4a3a-8711-32ae563fec83,استربس,فينو وسط,40,,available
70979f07-245a-4c5b-be5e-6bec23dc63d2,كفتة,مخبوز ابو خاطر,50,,available
e87a7b72-e8bc-4278-b425-e954408b2449,طرب,مخبوز ابو خاطر,65,,available
562bfa95-0ba4-4cbd-adbe-0839e293feb2,سجق,مخبوز ابو خاطر,55,,available
17e4cab8-73a8-43a0-b229-3aef3fa320f4,شاورما لحم,مخبوز ابو خاطر,60,,available
39c71123-ec29-4b3e-acfe-7dc682441848,شاورما فراخ,مخبوز ابو خاطر,60,,available
e0a2893b-18f8-483e-baea-baefdd07c7a6,فيلية مشوي,مخبوز ابو خاطر,50,,available
47d91230-d4dd-44a2-a0cf-caae5d5e80ed,شيش طاووق فحم,مخبوز ابو خاطر,50,,available
c9347071-9299-4fe0-99c3-0cc8255deed5,شاورما لحمة,عيش سوري,90,,available
93322e44-2999-4157-913f-9aaa084c7b86,شاورما فراخ,عيش سوري,80,,available
3c00b046-1cc0-44a5-8f10-482c934f6d60,برجر سادة,عيش سوري,50,,available
8cc3988f-8ce2-45b8-8222-0715f37b8127,هوت دوج,عيش سوري,40,,available
d8a5f9cd-cdfb-4f5d-96d1-9e8cd772051a,شيش طاووق,عيش سوري,70,,available
b8a93bd9-224b-44e4-ba61-9e25ddc75dd1,فاهيتا فراخ,عيش سوري,60,,available
5555bd53-8d9d-4b2b-9828-39850bae3f69,فراخ بانية,عيش سوري,55,,available
d5e554c9-6c2f-4227-80e5-f7d36760538a,كبدة جريل,عيش سوري,50,,available
0c72455c-24a8-4e0c-a9ca-0784165b12c0,سلطة تومية,إضافة,15,,available
0bcf409f-38fd-474b-be79-644a974e5642,سلطة تومية,إضافة,20,,available
5ec454c9-e283-4af9-bfea-8ade83aa7d2d,سلطة كلوسلو,إضافة,15,,unavailable
eaa3b09f-239d-4faf-8a23-625b61619a61,سلطة كلوسلو,إضافة,20,,unavailable
a41237f5-bbad-4623-908b-cef0abc2922a,سلطة طماطم,إضافة,10,,unavailable
8f9b3628-fe8b-4792-ae4d-fa2b8134dc87,سلطة طحينة,إضافة,10,,available
e80c8ced-5a49-4983-9cdb-131f7fb16ab7,كيس عيش,إضافة,5,,available
aa55537c-811b-407e-8cde-0c06135cb83f,جبنة موتزريلا,إضافة,20,,available
1ed91f2c-0ae2-432a-84e0-55bb32fc8833,باكيت صوابع,إضافة,15,,available
b03495fe-567b-43bd-96e5-a49078cbcd9a,بكايت شيبسي,إضافة,10,,available
cbf2ea98-193d-4d7b-a3a0-1f354bf33ebb,سلطات مشويات,إضافة,20,,available
3a5ef117-ffba-4750-a2a2-ad6d4eb3099c,علبة بابا غانوج,إضافة,15,,available
606c284a-6114-41b4-9c3b-7833e01eeaed,علبة بابا غانوج,إضافة,40,,available
335b7584-8be7-4dd4-88f0-1477881ea0e6,علبة بتينجان,إضافة,10,,available